,filename,width,height,class,xmin,ymin,xmax,ymax
0,cam_image1.jpg,480,270,queen,63.56877899169922,26.76580047607422,160.5948028564453,152.78811645507812
1,cam_image1.jpg,480,270,queen,54.6468391418457,150.5576171875,152.78810119628906,279.9256591796875
2,cam_image1.jpg,480,270,ten,155.01858520507812,107.06320190429688,246.46841430664062,231.9702606201172
3,cam_image10.jpg,960,540,ten,161.96661376953125,64.56400299072266,272.727294921875,196.47494506835938
4,cam_image10.jpg,960,540,queen,28.385896682739258,69.0167007446289,135.25047302246094,205.93692016601562
5,cam_image11.jpg,960,540,nine,76.80890655517578,53.432281494140625,224.3042755126953,220.40817260742188
6,cam_image12.jpg,960,540,king,95.17625427246094,82.93135833740234,205.3803253173828,216.51205444335938
7,cam_image13.jpg,960,540,jack,94.61966705322266,79.0352554321289,206.49351501464844,215.95545959472656
8,cam_image14.jpg,960,540,jack,90.72355651855469,92.94990539550781,210.38961791992188,233.7662353515625
9,cam_image15.jpg,960,540,ace,88.49722290039062,100.74211883544922,212.0593719482422,254.35992431640625
10,cam_image16.jpg,960,540,ace,88.49722290039062,86.2708740234375,212.0593719482422,253.8033447265625
11,cam_image17.jpg,960,540,ace,86.27088165283203,69.57328033447266,214.84230041503906,251.02040100097656
12,cam_image18.jpg,960,540,ace,90.72356414794922,47.86642074584961,210.3896026611328,203.15399169921875
13,cam_image19.jpg,960,540,jack,89.05379486083984,53.98886489868164,212.0593719482422,210.94619750976562
14,cam_image20.jpg,960,540,queen,80.70500946044922,66.2337646484375,220.40817260742188,234.87940979003906
15,cam_image21.jpg,960,540,queen,84.60111236572266,30.0556583404541,216.51205444335938,192.578857421875
16,cam_image22.jpg,960,540,queen,87.38404846191406,52.31910705566406,213.1725311279297,205.93692016601562
17,cam_image23.jpg,960,540,queen,86.27088165283203,60.1113166809082,214.84230041503906,216.51205444335938
18,cam_image24.jpg,960,540,king,83.48794555664062,62.894248962402344,217.625244140625,228.75697326660156
19,cam_image25.jpg,960,540,king,79.59182739257812,52.31910705566406,221.52134704589844,228.20037841796875
20,cam_image26.jpg,960,540,king,84.60111999511719,49.53617858886719,216.51206970214844,213.17254638671875
21,cam_image27.jpg,960,540,jack,87.38404846191406,80.70500946044922,213.7291259765625,244.89794921875
22,cam_image28.jpg,960,540,ten,85.15769958496094,64.0074234008789,215.39889526367188,237.10574340820312
23,cam_image29.jpg,960,540,ten,82.93135833740234,49.53617858886719,217.62522888183594,209.27642822265625
24,cam_image3.jpg,960,540,king,55.10204315185547,55.10204315185547,136.9202117919922,161.9665985107422
25,cam_image3.jpg,960,540,king,149.72169494628906,48.979591369628906,239.888671875,154.1743927001953
26,cam_image3.jpg,960,540,king,152.50465393066406,161.9665985107422,248.7940673828125,285.52874755859375
27,cam_image3.jpg,960,540,king,51.76252746582031,164.1929473876953,141.37290954589844,287.1985168457031
28,cam_image30.jpg,960,540,ten,79.59183502197266,26.15955352783203,220.96475219726562,191.46568298339844
29,cam_image31.jpg,960,540,ten,62.894256591796875,50.649349212646484,237.66233825683594,243.2281951904297
30,cam_image32.jpg,960,540,nine,88.49722290039062,54.54545593261719,212.615966796875,215.95545959472656
31,cam_image33.jpg,960,540,nine,88.49722290039062,62.33766174316406,212.61593627929688,214.84231567382812
32,cam_image34.jpg,960,540,nine,86.27086639404297,77.92207336425781,214.84231567382812,238.7755126953125
33,cam_image35.jpg,960,540,nine,38.404457092285156,7.235621452331543,139.14657592773438,128.0148468017578
34,cam_image35.jpg,960,540,ace,29.499074935913086,140.8163299560547,140.25973510742188,287.7550964355469
35,cam_image35.jpg,960,540,jack,154.1743927001953,141.37290954589844,271.0574951171875,292.7643737792969
36,cam_image35.jpg,960,540,king,162.523193359375,3.339517593383789,263.2652893066406,127.45825958251953
37,cam_image36.jpg,960,540,nine,33.395172119140625,5.009276866912842,135.25045776367188,126.90167236328125
38,cam_image36.jpg,960,540,nine,30.61224937438965,153.0612335205078,133.0241241455078,293.8775634765625
39,cam_image36.jpg,960,540,nine,164.19293212890625,149.1651153564453,270.50091552734375,293.3209533691406
40,cam_image36.jpg,960,540,jack,168.6456298828125,2.782931327819824,266.60479736328125,124.11874389648438
41,cam_image37.jpg,960,540,ace,53.98886489868164,22.820035934448242,140.25973510742188,137.476806640625
42,cam_image37.jpg,960,540,ace,158.6270751953125,153.61781311035156,254.91650390625,288.31170654296875
43,cam_image37.jpg,960,540,king,162.523193359375,17.810760498046875,254.35992431640625,136.92022705078125
44,cam_image37.jpg,960,540,king,46.19666290283203,155.84414672851562,136.92022705078125,288.31170654296875
45,cam_image38.jpg,960,540,king,161.41000366210938,8.905380249023438,262.15216064453125,138.0334014892578
46,cam_image38.jpg,960,540,jack,42.85714340209961,13.914656639099121,141.92950439453125,139.1465606689453
47,cam_image38.jpg,960,540,jack,156.40074157714844,150.27828979492188,263.8218688964844,296.6604919433594
48,cam_image38.jpg,960,540,ace,37.291282653808594,156.40074157714844,141.3729248046875,300.0
49,cam_image39.jpg,960,540,jack,110.20408630371094,88.4972152709961,207.60667419433594,223.7476806640625
50,cam_image39.jpg,960,540,king,0.0,86.82746124267578,102.41187286376953,229.31353759765625
51,cam_image39.jpg,960,540,nine,214.84228515625,87.94062805175781,300.0,222.63450622558594
52,cam_image40.jpg,960,540,nine,0.0,68.46011352539062,82.93135070800781,200.9276580810547
53,cam_image40.jpg,960,540,jack,92.39331817626953,56.77180099487305,193.13543701171875,195.91836547851562
54,cam_image40.jpg,960,540,ace,208.71983337402344,61.2244873046875,300.0,200.37106323242188
55,cam_image41.jpg,960,540,ace,154.17440795898438,155.28756713867188,255.4730987548828,285.52874755859375
56,cam_image41.jpg,960,540,nine,45.640071868896484,150.8348846435547,136.9202117919922,276.0668029785156
57,cam_image41.jpg,960,540,king,117.43970489501953,10.575139045715332,220.9647674560547,145.8256072998047
58,cam_image42.jpg,960,540,king,5.565868854522705,126.90167236328125,93.5064926147461,242.67160034179688
59,cam_image42.jpg,960,540,ace,108.53431701660156,138.58998107910156,191.46568298339844,249.35064697265625
60,cam_image42.jpg,960,540,ace,210.38961791992188,134.13729858398438,295.5473327636719,244.34136962890625
61,cam_image43.jpg,960,540,jack,83.4879379272461,128.0148468017578,174.76809692382812,235.99256896972656
62,cam_image43.jpg,960,540,jack,183.1168975830078,130.24119567871094,259.36920166015625,230.98329162597656
63,cam_image44.jpg,960,540,nine,744.0,208.0,928.0,472.0
64,cam_image44.jpg,960,540,nine,39.0,172.0,214.0,438.0
65,cam_image44.jpg,960,540,ace,269.0,196.0,465.0,467.0
66,cam_image44.jpg,960,540,king,497.0,189.0,692.0,457.0
67,cam_image46.jpg,960,540,ace,156.95733642578125,31.725418090820312,248.23748779296875,160.29685974121094
68,cam_image46.jpg,960,540,ace,158.62709045410156,169.75880432128906,251.02041625976562,293.8775634765625
69,cam_image46.jpg,960,540,king,50.0927619934082,29.49907112121582,146.38218688964844,159.74026489257812
70,cam_image46.jpg,960,540,jack,56.215213775634766,170.87197875976562,153.6177978515625,294.43414306640625
71,cam_image47.jpg,960,540,jack,157.513916015625,9.461966514587402,268.27459716796875,143.59925842285156
72,cam_image47.jpg,960,540,jack,32.28200912475586,166.41929626464844,146.93878173828125,299.44342041015625
73,cam_image47.jpg,960,540,nine,163.0797576904297,168.08905029296875,256.0296936035156,291.0946044921875
74,cam_image47.jpg,960,540,king,42.30055236816406,10.018553733825684,148.60855102539062,144.71243286132812
75,cam_image48.jpg,960,540,nine,220.4081573486328,31.725418090820312,300.0,155.84414672851562
76,cam_image48.jpg,960,540,ace,154.1743927001953,166.41929626464844,254.91651916503906,300.0
77,cam_image48.jpg,960,540,ace,0.0,23.376625061035156,86.82745361328125,149.72171020507812
78,cam_image48.jpg,960,540,jack,92.94990539550781,17.810760498046875,198.70130920410156,154.73097229003906
79,cam_image48.jpg,960,540,jack,37.29128646850586,168.6456298828125,136.3636474609375,296.1039123535156
80,cam_image50.jpg,960,540,nine,42.85713577270508,5.565862655639648,139.70315551757812,138.0334014892578
81,cam_image50.jpg,960,540,nine,153.0612335205078,155.28756713867188,261.0389404296875,298.8868103027344
82,cam_image50.jpg,960,540,king,40.074214935302734,153.61781311035156,139.70315551757812,294.43414306640625
83,cam_image50.jpg,960,540,ace,155.8441619873047,1.6697587966918945,259.36920166015625,136.92022705078125
84,cam_image51.jpg,960,540,jack,166.9758758544922,85.71428680419922,259.36920166015625,206.49351501464844
85,cam_image51.jpg,960,540,jack,41.187381744384766,13.914656639099121,131.91094970703125,133.0241241455078
86,cam_image51.jpg,960,540,king,57.328392028808594,160.85342407226562,160.29684448242188,294.43414306640625
87,cam_image52.jpg,960,540,king,159.74024963378906,15.02782917022705,251.5769805908203,141.9294891357422
88,cam_image52.jpg,960,540,queen,49.53617858886719,7.235621452331543,148.60853576660156,133.0241241455078
89,cam_image52.jpg,960,540,queen,102.96845245361328,160.85342407226562,199.81448364257812,291.0946044921875
90,cam_image54.jpg,960,540,queen,65.12059783935547,27.829313278198242,162.523193359375,153.61781311035156
91,cam_image54.jpg,960,540,queen,52.87569808959961,151.94805908203125,155.2875518798828,279.40631103515625
92,cam_image54.jpg,960,540,ten,155.2875518798828,107.97772979736328,248.2374725341797,231.53988647460938
93,cam_image9.jpg,960,540,nine,16.141002655029297,94.06307220458984,128.57142639160156,243.78477478027344
94,cam_image9.jpg,960,540,queen,160.29684448242188,85.71428680419922,284.41558837890625,245.4545440673828
95,IMG_2385.JPG,378,504,king,73.20954895019531,85.14588165283203,177.45358276367188,216.44561767578125
96,IMG_2386.JPG,378,504,ace,86.7374038696289,79.57559967041016,199.7347412109375,222.01593017578125
97,IMG_2388.JPG,378,504,king,54.907161712646484,76.392578125,181.432373046875,224.4031982421875
98,IMG_2389.JPG,378,504,ace,93.89920806884766,79.57559967041016,195.7559814453125,222.0159149169922
99,IMG_2390.JPG,378,504,ace,84.35013580322266,74.80106353759766,193.3686981201172,226.79046630859375
100,IMG_2392.JPG,378,504,nine,102.65251922607422,85.94164276123047,192.5729522705078,215.64987182617188
101,IMG_2393.JPG,378,504,nine,85.941650390625,57.29442596435547,221.22015380859375,243.50132751464844
102,IMG_2394.JPG,378,504,nine,106.63129425048828,103.44827270507812,181.432373046875,198.14324951171875
103,IMG_2396.JPG,378,504,nine,100.2652587890625,79.57559967041016,202.12200927734375,221.22015380859375
104,IMG_2397.JPG,378,504,ten,97.87799072265625,74.00531005859375,211.67108154296875,227.58621215820312
105,IMG_2398.JPG,378,504,jack,90.7161865234375,74.80106353759766,210.07957458496094,226.79046630859375
106,IMG_2399.JPG,378,504,queen,88.32891845703125,73.20954895019531,200.530517578125,227.58619689941406
107,IMG_2400.JPG,378,504,queen,73.20954895019531,68.43501281738281,194.16444396972656,233.156494140625
108,IMG_2401.JPG,378,504,queen,83.55438232421875,74.80106353759766,198.1432342529297,225.9947052001953
109,IMG_2402.JPG,378,504,queen,103.44827270507812,84.35012817382812,200.530517578125,216.44561767578125
110,IMG_2404.JPG,378,504,jack,96.2864761352539,97.87798309326172,171.0875244140625,202.91778564453125
111,IMG_2405.JPG,378,504,jack,65.25199127197266,119.36339569091797,139.25729370117188,218.8328857421875
112,IMG_2406.JPG,378,504,ten,150.3978729248047,86.7374038696289,247.48011779785156,214.05836486816406
113,IMG_2407.JPG,378,504,jack,101.85675811767578,86.7374038696289,193.3686981201172,214.85411071777344
114,IMG_2408.JPG,378,504,jack,109.01856231689453,77.98408508300781,218.83290100097656,226.7904510498047
115,IMG_2409.JPG,378,504,ten,58.88594055175781,134.4827423095703,134.48275756835938,241.11404418945312
116,IMG_2410.JPG,378,504,ten,82.75862121582031,80.3713607788086,188.5941619873047,221.22015380859375
117,IMG_2411.JPG,378,504,jack,132.89125061035156,66.0477523803711,254.64190673828125,234.74801635742188
118,IMG_2412.JPG,378,504,ten,31.830238342285156,62.864723205566406,163.12997436523438,238.726806640625
119,IMG_2413.JPG,378,504,nine,64.45623779296875,47.745357513427734,214.05836486816406,253.05039978027344
120,IMG_2414.JPG,378,504,nine,81.9628677368164,27.851465225219727,256.2334289550781,272.94427490234375
121,IMG_2415.JPG,378,504,nine,35.809017181396484,69.23077392578125,156.763916015625,232.36074829101562
122,IMG_2416.JPG,378,504,ten,85.941650390625,54.11140823364258,231.5649871826172,246.68435668945312
123,IMG_2417.JPG,378,504,nine,37.40053176879883,37.40053176879883,227.58619689941406,264.19097900390625
124,IMG_2418.JPG,378,504,ace,98.67373657226562,87.53315734863281,192.5729522705078,213.26260375976562
125,IMG_2419.JPG,378,504,queen,93.89920806884766,42.17506408691406,250.66311645507812,258.6206970214844
126,IMG_2420.JPG,378,504,ace,54.907161712646484,60.47745895385742,182.22811889648438,240.3183135986328
127,IMG_2421.JPG,378,504,king,26.259946823120117,117.77188873291016,124.93368530273438,252.254638671875
128,IMG_2422.JPG,378,504,queen,75.59681701660156,55.702919006347656,211.67108154296875,245.0928497314453
129,IMG_2423.JPG,378,504,ace,139.25729370117188,68.43501281738281,231.5649871826172,190.18568420410156
130,IMG_2424.JPG,378,504,ace,54.907161712646484,97.87798309326172,133.68699645996094,202.91778564453125
131,IMG_2425.JPG,378,504,king,163.9257354736328,89.12466430664062,253.84616088867188,212.46685791015625
132,IMG_2426.JPG,378,504,queen,93.89920806884766,124.13793182373047,186.2069091796875,260.21221923828125
133,IMG_2427.JPG,378,504,queen,59.681697845458984,94.69495391845703,153.58090209960938,224.40318298339844
134,IMG_2428.JPG,378,504,jack,108.22280883789062,93.10344696044922,194.960205078125,207.6923065185547
135,IMG_2429.JPG,378,504,king,70.82228088378906,90.71617889404297,162.334228515625,210.87533569335938
136,IMG_2430.JPG,378,504,king,69.23076629638672,125.72943878173828,155.96817016601562,244.29708862304688
137,IMG_2431.JPG,378,504,jack,46.94960403442383,91.51193237304688,155.96817016601562,209.2838134765625
138,IMG_2434.JPG,378,504,ace,96.2864761352539,177.4535675048828,224.40318298339844,272.9443054199219
139,IMG_2437.JPG,378,504,ten,80.37135314941406,102.65251922607422,211.67108154296875,198.1432342529297
140,IMG_2439.JPG,378,504,king,26.259946823120117,100.26525115966797,130.5039825439453,225.99468994140625
141,IMG_2441.JPG,378,504,queen,100.2652587890625,72.4137954711914,249.86737060546875,229.17770385742188
142,IMG_2442.JPG,378,504,king,91.5119400024414,25.46419334411621,229.17771911621094,159.9469451904297
143,IMG_2443.JPG,378,504,jack,165.51724243164062,112.20159149169922,264.9867248535156,248.27586364746094
144,IMG_2445.JPG,378,504,queen,129.70822143554688,88.32891082763672,254.64190673828125,212.4668426513672
145,IMG_2446.JPG,378,504,ace,89.12467193603516,84.35013580322266,228.38197326660156,216.44561767578125
146,IMG_2447.JPG,378,504,ace,112.99734497070312,115.38461303710938,202.12200927734375,185.41114807128906
147,IMG_2448.JPG,378,504,ace,124.93368530273438,96.28646850585938,226.7904510498047,204.50927734375
148,IMG_2449.JPG,378,504,nine,101.85675811767578,159.94696044921875,203.71351623535156,242.70558166503906
149,IMG_2450.JPG,378,504,king,86.7374038696289,127.3209457397461,183.8196258544922,231.5649871826172
150,IMG_2451.JPG,378,504,ten,88.32891845703125,68.43500518798828,225.19894409179688,232.36074829101562
151,IMG_2452.JPG,378,504,nine,155.96817016601562,98.67374420166016,249.86737060546875,202.12200927734375
152,IMG_2453.JPG,378,504,queen,50.13262939453125,93.89920806884766,141.64456176757812,207.69229125976562
153,IMG_2454.JPG,378,504,nine,105.03978729248047,90.7161865234375,188.5941619873047,210.87533569335938
154,IMG_2455.JPG,378,504,jack,26.259946823120117,81.96286010742188,169.4960174560547,218.8328857421875
155,IMG_2456.JPG,378,504,ten,32.62599563598633,83.55438232421875,159.1511993408203,217.2413787841797
156,IMG_2457.JPG,378,504,jack,102.65251922607422,85.94164276123047,210.07957458496094,214.85411071777344
157,IMG_2458.JPG,378,504,nine,100.2652587890625,85.14588928222656,210.87533569335938,216.44561767578125
158,IMG_2459.JPG,378,504,nine,73.20954895019531,89.12466430664062,173.4748077392578,212.4668426513672
159,IMG_2460.JPG,378,504,queen,52.519893646240234,89.12467193603516,148.80636596679688,211.67108154296875
160,IMG_2462.JPG,378,504,ten,128.9124755859375,77.1883316040039,233.15650939941406,224.40316772460938
161,IMG_2464.JPG,378,504,king,21.48541259765625,67.6392593383789,138.46153259277344,207.6923065185547
162,IMG_2465.JPG,378,504,king,21.48541259765625,70.82228088378906,136.87002563476562,210.07958984375
163,IMG_2466.JPG,378,504,ten,64.45623779296875,117.77188873291016,177.45358276367188,280.90185546875
164,IMG_2467.JPG,378,504,ten,65.25199127197266,116.97613525390625,179.0450897216797,283.28912353515625
165,IMG_2468.JPG,378,504,jack,136.0742645263672,101.85676574707031,277.7188415527344,199.73475646972656
166,IMG_2469.JPG,378,504,jack,139.25729370117188,102.65251922607422,277.7188415527344,198.9390106201172
167,IMG_2471.JPG,378,504,nine,78.77984619140625,67.63925170898438,202.12200927734375,233.95225524902344
168,IMG_2472.JPG,378,504,nine,77.1883316040039,67.63925170898438,197.34747314453125,233.15650939941406
169,IMG_2473.JPG,378,504,ace,30.238725662231445,121.75065612792969,175.862060546875,230.7692413330078
170,IMG_2474.JPG,378,504,ace,29.442970275878906,120.15914916992188,177.45358276367188,229.177734375
171,IMG_2475.JPG,378,504,ace,87.53315734863281,105.039794921875,213.26258850097656,282.4933776855469
172,IMG_2477.JPG,378,504,queen,51.72413635253906,76.39257049560547,170.29177856445312,227.58619689941406
173,IMG_2478.JPG,378,504,ten,66.04774475097656,85.14588928222656,229.17771911621094,243.50132751464844
174,IMG_2480.JPG,378,504,king,43.766578674316406,42.17506790161133,264.19097900390625,258.6206970214844
175,IMG_2481.JPG,378,504,jack,23.076923370361328,93.89920806884766,144.8275909423828,206.89654541015625
176,IMG_2483.JPG,378,504,king,108.22280883789062,70.82227325439453,262.5994567871094,230.76922607421875
177,IMG_2484.JPG,378,504,queen,63.66047668457031,78.77983856201172,174.2705535888672,222.81166076660156
178,IMG_2486.JPG,378,504,king,13.527851104736328,104.2440414428711,124.93368530273438,222.01589965820312
179,IMG_2487.JPG,378,504,ten,34.217506408691406,154.3766632080078,132.89125061035156,223.60743713378906
180,IMG_2488.JPG,378,504,queen,40.58355712890625,157.55967712402344,109.01856231689453,249.86737060546875
181,IMG_2489.JPG,378,504,queen,143.23606872558594,74.00531005859375,257.824951171875,227.58619689941406
182,IMG_2490.JPG,378,504,jack,159.9469451904297,98.67373657226562,246.68434143066406,202.12200927734375
183,IMG_2491.JPG,378,504,nine,16.710874557495117,98.67373657226562,104.24402618408203,214.058349609375
184,IMG_2492.JPG,378,504,ace,44.56233596801758,140.8488006591797,163.9257354736328,268.96551513671875
185,IMG_2493.JPG,378,504,ten,32.62599563598633,103.44828033447266,150.3978729248047,198.14321899414062
186,IMG_2494.JPG,378,504,king,86.7374038696289,136.07427978515625,206.89654541015625,272.9443054199219
187,IMG_2495.JPG,378,504,ten,31.830238342285156,85.94164276123047,176.6578369140625,191.77719116210938
188,IMG_2496.JPG,378,504,nine,1.591511845588684,79.57559967041016,121.75066375732422,185.4111328125
189,IMG_2497.JPG,378,504,queen,127.32095336914062,93.10345458984375,224.40318298339844,214.058349609375
190,IMG_2498.JPG,378,504,jack,153.58090209960938,95.49071502685547,249.86737060546875,205.30503845214844
191,IMG_2499.JPG,378,504,queen,47.745361328125,88.32891845703125,163.12997436523438,212.46685791015625
192,IMG_2500.JPG,378,504,ace,202.9177703857422,98.67374420166016,279.3103332519531,202.9177703857422
193,IMG_2501.JPG,378,504,jack,129.70822143554688,34.217506408691406,210.87533569335938,152.78515625
194,IMG_2502.JPG,378,504,ace,63.66047668457031,73.20954132080078,208.48805236816406,228.38197326660156
195,IMG_2503.JPG,378,504,ace,76.392578125,101.85676574707031,203.71351623535156,198.93898010253906
196,IMG_2504.JPG,378,504,nine,119.36339569091797,115.38460540771484,226.7904510498047,253.05038452148438
197,IMG_2505.JPG,378,504,ten,120.15914916992188,77.98407745361328,212.4668426513672,222.81166076660156
198,IMG_2506.JPG,378,504,nine,101.85675811767578,84.35012817382812,239.52255249023438,216.44561767578125
199,IMG_2507.JPG,378,504,king,19.89389991760254,98.67373657226562,106.63129425048828,202.9177703857422
200,IMG_2508.JPG,378,504,jack,148.01060485839844,123.3421859741211,265.7825012207031,234.7480010986328
201,IMG_2509.JPG,378,504,king,75.59681701660156,98.67374420166016,176.6578369140625,202.91775512695312
202,IMG_2511.JPG,378,504,nine,17.50663185119629,91.5119400024414,133.68699645996094,210.07957458496094
203,IMG_2512.JPG,378,504,ace,175.862060546875,104.24402618408203,281.6976013183594,197.3474884033203
204,IMG_2513.JPG,378,504,jack,81.1671142578125,66.04773712158203,207.6923065185547,234.74801635742188
205,IMG_2514.JPG,378,504,queen,143.23606872558594,43.766578674316406,236.3395233154297,170.29177856445312
206,IMG_2515.JPG,378,504,jack,44.56233596801758,72.4137954711914,179.84085083007812,229.17771911621094
207,IMG_2516.JPG,378,504,nine,105.03978729248047,73.20954895019531,239.52255249023438,228.38197326660156
208,IMG_2517.JPG,378,504,ace,70.02652740478516,134.4827423095703,200.530517578125,243.50132751464844
209,IMG_2518.JPG,378,504,king,52.519893646240234,74.80106353759766,182.22811889648438,225.9947052001953
210,IMG_2519.JPG,378,504,nine,31.034482955932617,70.8222885131836,185.4111328125,259.41644287109375
211,IMG_2520.JPG,378,504,ten,114.58885955810547,54.90715789794922,232.36073303222656,246.68434143066406
212,IMG_2521.JPG,378,504,king,14.323607444763184,93.10344696044922,97.87799072265625,207.6923065185547
213,IMG_2522.JPG,378,504,ten,75.59681701660156,97.08222961425781,190.1856689453125,194.16445922851562
214,IMG_2523.JPG,378,504,ace,116.97612762451172,103.44827270507812,212.4668426513672,198.1432342529297
215,IMG_2524.JPG,378,504,ten,57.294429779052734,70.02652740478516,194.960205078125,230.76922607421875
216,IMG_2525.JPG,378,504,king,151.9893798828125,87.53315734863281,253.84616088867188,214.05836486816406
217,IMG_2526.JPG,378,504,queen,43.766578674316406,103.44827270507812,172.67904663085938,197.3474884033203
218,IMG_2527.JPG,378,504,jack,35.809017181396484,53.315650939941406,189.38990783691406,171.88328552246094
219,IMG_2528.JPG,378,504,nine,29.442970275878906,71.6180419921875,194.16444396972656,218.8328857421875
220,IMG_2529.JPG,378,504,ten,140.0530548095703,145.6233367919922,210.87533569335938,276.1273193359375
221,IMG_2533.JPG,378,504,queen,183.8196258544922,136.87002563476562,287.2679138183594,260.21221923828125
222,IMG_2535.JPG,378,504,ten,85.14588928222656,73.20954132080078,162.334228515625,232.36074829101562
223,IMG_2536.JPG,378,504,king,88.32891845703125,91.51193237304688,177.45358276367188,154.37664794921875
224,IMG_2537.JPG,378,504,ten,117.77188110351562,105.83554077148438,239.52255249023438,194.96022033691406
225,IMG_2538.JPG,378,504,nine,116.18036651611328,86.73739624023438,241.90980529785156,214.058349609375
226,IMG_2542.JPG,378,504,ace,112.99734497070312,74.00531005859375,179.84085083007812,227.58619689941406
227,IMG_2543.JPG,378,504,king,96.2864761352539,56.49867248535156,238.72679138183594,197.34747314453125
228,IMG_2545.JPG,378,504,ten,153.58090209960938,94.69496154785156,236.3395233154297,206.1007843017578
229,IMG_2546.JPG,378,504,ace,101.06100463867188,95.49071502685547,190.9814453125,205.3050537109375
230,IMG_2548.JPG,378,504,jack,60.47745132446289,56.49867630004883,128.9124755859375,245.09283447265625
231,IMG_2549.JPG,378,504,jack,5.570291996002197,112.99734497070312,184.61538696289062,214.85411071777344
232,IMG_2552.JPG,378,504,ace,73.20954895019531,45.35808563232422,215.64987182617188,256.2334289550781
233,IMG_2553.JPG,378,504,jack,101.85675811767578,94.69495391845703,193.3686981201172,241.90982055664062
234,IMG_2556.JPG,378,504,queen,58.88594055175781,74.80106353759766,159.9469451904297,226.7904510498047
235,IMG_2558.JPG,378,504,ten,31.034482955932617,27.055700302124023,124.93368530273438,96.2864761352539
236,IMG_2558.JPG,378,504,ten,171.88330078125,23.872676849365234,264.19097900390625,93.89920043945312
237,IMG_2558.JPG,378,504,ace,183.8196258544922,184.61538696289062,273.74005126953125,249.0716094970703
238,IMG_2558.JPG,378,504,king,61.27320861816406,209.2838134765625,152.78515625,276.923095703125
239,IMG_2559.JPG,378,504,king,178.2493438720703,0.0,263.3952331542969,98.67373657226562
240,IMG_2559.JPG,378,504,queen,164.7214813232422,164.72149658203125,274.5357971191406,263.39520263671875
241,IMG_2559.JPG,378,504,ten,35.01326370239258,72.4137954711914,144.8275909423828,171.88330078125
242,IMG_2559.JPG,378,504,nine,48.54111099243164,207.69229125976562,126.52519989013672,300.0
243,IMG_2562.JPG,378,504,king,139.25729370117188,50.92838668823242,254.64190673828125,143.23606872558594
244,IMG_2562.JPG,378,504,king,33.421749114990234,33.4217529296875,134.48275756835938,153.58090209960938
245,IMG_2562.JPG,378,504,queen,19.09814453125,154.3766632080078,124.93368530273438,234.74801635742188
246,IMG_2562.JPG,378,504,ten,165.51724243164062,149.60211181640625,278.51458740234375,267.3739929199219
247,IMG_2563.JPG,378,504,ace,43.766578674316406,6.3660454750061035,138.46153259277344,124.137939453125
248,IMG_2563.JPG,378,504,ace,200.530517578125,168.7002716064453,300.0,294.4297180175781
249,IMG_2563.JPG,378,504,king,173.4748077392578,45.358089447021484,277.7188415527344,168.7002716064453
250,IMG_2563.JPG,378,504,nine,31.034482955932617,173.4748077392578,163.12997436523438,288.8594055175781
251,IMG_2565.JPG,378,504,nine,163.12997436523438,146.41909790039062,261.0079650878906,249.86737060546875
252,IMG_2565.JPG,378,504,ten,35.809017181396484,85.14588928222656,134.48275756835938,179.84085083007812
253,IMG_2565.JPG,378,504,queen,167.1087646484375,2.38727068901062,268.1697692871094,99.46949005126953
254,IMG_2565.JPG,378,504,king,65.25199127197266,199.7347412109375,151.19363403320312,299.2042541503906
255,IMG_2566.JPG,378,504,nine,202.12200927734375,94.6949691772461,257.0291748046875,167.1087646484375
256,IMG_2566.JPG,378,504,jack,137.66578674316406,163.92572021484375,198.93898010253906,240.3182830810547
257,IMG_2566.JPG,378,504,ten,42.17506790161133,171.88330078125,121.75066375732422,236.3395233154297
258,IMG_2566.JPG,378,504,queen,83.55438232421875,60.47745895385742,148.01060485839844,141.64456176757812
259,IMG_2567.JPG,378,504,nine,115.38461303710938,33.421756744384766,210.87533569335938,133.68701171875
260,IMG_2567.JPG,378,504,jack,188.5941619873047,133.68701171875,288.06365966796875,230.76922607421875
261,IMG_2567.JPG,378,504,jack,8.753315925598145,80.3713607788086,97.87799072265625,180.6365966796875
262,IMG_2567.JPG,378,504,ace,94.69495391845703,179.0450897216797,159.9469451904297,267.3739929199219
263,IMG_2569.JPG,378,504,ace,43.766578674316406,91.51193237304688,121.75066375732422,177.45358276367188
264,IMG_2569.JPG,378,504,jack,144.03182983398438,46.94960021972656,223.60743713378906,133.68701171875
265,IMG_2569.JPG,378,504,jack,124.93368530273438,145.62335205078125,187.7984161376953,223.60743713378906
266,IMG_2569.JPG,378,504,jack,74.80106353759766,182.22811889648438,130.5039825439453,253.84616088867188
267,IMG_2570.JPG,378,504,queen,155.96817016601562,144.8275909423828,273.74005126953125,246.68434143066406
268,IMG_2570.JPG,378,504,ten,88.32891845703125,0.0,180.6365966796875,129.70822143554688
269,IMG_2570.JPG,378,504,nine,21.48541259765625,151.9893798828125,140.0530548095703,300.0
270,IMG_2572.JPG,378,504,ten,115.38461303710938,4.774538516998291,241.1140594482422,129.70822143554688
271,IMG_2572.JPG,378,504,king,207.6923065185547,183.02386474609375,300.0,296.81695556640625
272,IMG_2572.JPG,378,504,king,27.851457595825195,116.97612762451172,127.32095336914062,230.7692413330078
273,IMG_2574.JPG,378,504,nine,120.95490264892578,32.62599563598633,253.05039978027344,136.8700408935547
274,IMG_2574.JPG,378,504,jack,19.09814453125,112.99735260009766,181.432373046875,268.96551513671875
275,IMG_2576.JPG,378,504,queen,134.48275756835938,66.843505859375,269.7612609863281,221.22015380859375
276,IMG_2576.JPG,378,504,nine,34.217506408691406,81.16710662841797,136.0742645263672,233.95225524902344
277,IMG_2577.JPG,378,504,king,187.7984161376953,163.12997436523438,264.19097900390625,263.3952331542969
278,IMG_2577.JPG,378,504,jack,104.24402618408203,24.668434143066406,222.0159149169922,160.74270629882812
279,IMG_2577.JPG,378,504,ten,61.27320861816406,147.21485900878906,147.21485900878906,256.2334289550781
280,IMG_2577.JPG,378,504,ace,0.795755922794342,51.72413635253906,83.55438232421875,155.96817016601562
281,IMG_2578.JPG,378,504,queen,13.527851104736328,13.527852058410645,111.40583038330078,143.23606872558594
282,IMG_2578.JPG,378,504,king,112.20159149169922,45.358089447021484,187.7984161376953,153.58090209960938
283,IMG_2578.JPG,378,504,king,64.45623779296875,186.20689392089844,159.1511993408203,287.2679138183594
284,IMG_2578.JPG,378,504,queen,206.89654541015625,136.0742645263672,272.1485290527344,243.50132751464844
285,IMG_2579.JPG,378,504,ten,144.03182983398438,64.45623016357422,239.52255249023438,137.665771484375
286,IMG_2579.JPG,378,504,ten,56.49867248535156,61.27320861816406,132.09548950195312,151.98939514160156
287,IMG_2579.JPG,378,504,jack,163.9257354736328,146.4191131591797,231.5649871826172,236.3395233154297
288,IMG_2579.JPG,378,504,jack,62.864723205566406,163.1299591064453,153.58090209960938,239.52255249023438
289,IMG_2581.JPG,378,504,jack,33.421749114990234,103.44827270507812,148.01060485839844,212.4668426513672
290,IMG_2581.JPG,378,504,nine,90.7161865234375,34.217506408691406,212.4668426513672,151.19363403320312
291,IMG_2581.JPG,378,504,ten,140.8488006591797,148.01060485839844,233.15650939941406,267.3740234375
292,IMG_2582.JPG,378,504,ace,73.20954895019531,166.31298828125,147.21485900878906,256.2334289550781
293,IMG_2582.JPG,378,504,ace,42.17506790161133,44.56233215332031,123.34217071533203,144.8275909423828
294,IMG_2582.JPG,378,504,queen,187.00265502929688,71.61803436279297,276.9230651855469,142.44032287597656
295,IMG_2584.JPG,378,504,queen,196.55172729492188,177.4535675048828,285.6763916015625,245.8885955810547
296,IMG_2584.JPG,378,504,ten,119.36339569091797,5.570292949676514,210.87533569335938,101.85675811767578
297,IMG_2584.JPG,378,504,ten,20.689655303955078,100.26525115966797,88.32891845703125,185.4111328125
298,IMG_2584.JPG,378,504,jack,75.59681701660156,233.95225524902344,163.12997436523438,296.021240234375
299,IMG_2586.JPG,378,504,queen,206.10079956054688,201.32626342773438,286.4721374511719,267.3739929199219
300,IMG_2586.JPG,378,504,queen,90.7161865234375,18.30238914489746,168.7002716064453,65.25199127197266
301,IMG_2586.JPG,378,504,ten,39.78779983520508,95.49071502685547,95.49072265625,152.78515625
302,IMG_2586.JPG,378,504,king,34.217506408691406,225.1989288330078,110.61007690429688,282.49334716796875
303,IMG_2587.JPG,378,504,king,219.62864685058594,43.76657485961914,284.8806457519531,126.52519989013672
304,IMG_2587.JPG,378,504,ace,39.78779983520508,55.70292282104492,95.49072265625,129.70822143554688
305,IMG_2587.JPG,378,504,ace,35.01326370239258,167.1087646484375,90.7161865234375,242.70558166503906
306,IMG_2587.JPG,378,504,nine,210.07957458496094,186.2069091796875,263.3952331542969,257.0291748046875
307,IMG_2588.JPG,378,504,nine,83.55438232421875,57.294429779052734,203.71351623535156,190.18568420410156
308,IMG_2588.JPG,378,504,ace,7.957559585571289,225.99468994140625,128.11671447753906,300.0
309,IMG_2588.JPG,378,504,king,4.7745361328125,0.0,118.56763458251953,89.12466430664062
310,IMG_2588.JPG,378,504,king,215.64987182617188,76.39257049560547,300.0,187.79840087890625
311,IMG_2589.JPG,378,504,king,109.81432342529297,104.24403381347656,214.85411071777344,197.34747314453125
312,IMG_2589.JPG,378,504,king,65.25199127197266,210.07957458496094,136.0742645263672,300.0
313,IMG_2589.JPG,378,504,jack,13.527851104736328,71.61803436279297,97.08222198486328,170.29177856445312
314,IMG_2589.JPG,378,504,nine,182.22811889648438,0.0,289.6551818847656,95.49071502685547
315,IMG_2590.JPG,378,504,nine,147.21485900878906,11.140582084655762,219.62864685058594,111.40583801269531
316,IMG_2590.JPG,378,504,nine,23.076923370361328,204.50927734375,126.52519989013672,290.450927734375
317,IMG_2590.JPG,378,504,jack,66.04774475097656,54.11140060424805,171.88330078125,154.37664794921875
318,IMG_2590.JPG,378,504,queen,150.3978729248047,170.29177856445312,264.19097900390625,271.352783203125
319,IMG_2593.JPG,378,504,queen,93.89920806884766,165.51724243164062,212.4668426513672,284.0848693847656
320,IMG_2593.JPG,378,504,ten,164.7214813232422,107.42706298828125,283.28912353515625,222.0159149169922
321,IMG_2593.JPG,378,504,ten,114.58885955810547,17.50663185119629,227.58619689941406,137.66578674316406
322,IMG_2593.JPG,378,504,ace,26.259946823120117,93.10344696044922,145.6233367919922,196.55172729492188
323,IMG_2596.JPG,378,504,nine,122.54641723632812,99.46949005126953,193.3686981201172,200.53050231933594
324,IMG_2596.JPG,378,504,queen,89.12467193603516,102.65251922607422,124.93368530273438,202.12200927734375
325,IMG_2597.JPG,378,504,queen,63.66047668457031,83.55438232421875,148.80636596679688,237.13528442382812
326,IMG_2597.JPG,378,504,jack,97.08222198486328,90.71617889404297,252.25465393066406,270.5570373535156
327,IMG_2599.JPG,378,504,jack,118.56763458251953,80.37135314941406,252.25465393066406,267.3740234375
328,IMG_2599.JPG,378,504,king,58.09018325805664,75.59681701660156,119.36339569091797,260.21221923828125
329,IMG_2601.JPG,378,504,ten,113.79309844970703,67.63925170898438,242.70558166503906,246.68435668945312
330,IMG_2601.JPG,378,504,queen,64.45623779296875,54.90715789794922,118.56763458251953,239.52255249023438
331,IMG_2602.JPG,378,504,jack,93.89920806884766,62.86471939086914,240.31829833984375,257.0291748046875
332,IMG_2602.JPG,378,504,ten,48.54111099243164,63.66047286987305,118.56763458251953,246.68434143066406
333,IMG_2603.JPG,378,504,king,166.31298828125,72.4137954711914,296.0212097167969,233.156494140625
334,IMG_2603.JPG,378,504,ten,90.7161865234375,67.63925170898438,172.67904663085938,229.97348022460938
335,IMG_2603.JPG,378,504,ace,15.119362831115723,75.59681701660156,103.44827270507812,233.95225524902344
336,IMG_2605.JPG,378,504,king,93.89920806884766,57.29443359375,247.48011779785156,244.29708862304688
337,IMG_2605.JPG,378,504,ten,58.88594055175781,65.25198364257812,136.87002563476562,227.58621215820312
338,IMG_2607.JPG,378,504,ten,50.13262939453125,213.26258850097656,147.21485900878906,300.0
339,IMG_2607.JPG,378,504,jack,23.8726806640625,104.24403381347656,140.8488006591797,219.62864685058594
340,IMG_2607.JPG,378,504,queen,194.960205078125,54.111412048339844,293.6339416503906,167.90451049804688
341,IMG_2607.JPG,378,504,nine,154.3766632080078,0.0,262.5994567871094,49.33686828613281
342,IMG_2608.JPG,378,504,nine,61.27320861816406,0.0,185.4111328125,54.11140441894531
343,IMG_2608.JPG,378,504,ace,139.25729370117188,191.77719116210938,268.96551513671875,300.0
344,IMG_2608.JPG,378,504,king,152.78515625,65.25199127197266,291.2466735839844,182.22813415527344
345,IMG_2608.JPG,378,504,queen,0.795755922794342,74.80106353759766,139.25729370117188,213.26260375976562
346,IMG_2609.JPG,378,504,king,0.795755922794342,50.928382873535156,139.25729370117188,210.87533569335938
347,IMG_2609.JPG,378,504,ace,85.941650390625,194.16445922851562,199.7347412109375,300.0
348,IMG_2609.JPG,378,504,jack,165.51724243164062,33.4217529296875,300.0,179.84085083007812
349,IMG_2609.JPG,378,504,ten,140.0530548095703,0.0,241.90980529785156,46.153846740722656
350,IMG_2610.JPG,378,504,jack,44.56233596801758,208.48806762695312,149.6021270751953,300.0
351,IMG_2610.JPG,378,504,jack,245.8885955810547,0.0,300.0,78.77983856201172
352,IMG_2610.JPG,378,504,king,133.68699645996094,66.843505859375,266.5782470703125,214.05836486816406
353,IMG_2610.JPG,378,504,nine,31.830238342285156,0.0,126.52519989013672,83.55437469482422
354,IMG_2610.JPG,378,504,queen,123.34217071533203,0.0,228.38197326660156,26.259944915771484
355,IMG_2611.JPG,378,504,ace,233.95225524902344,100.2652587890625,300.0,200.53050231933594
356,IMG_2611.JPG,378,504,nine,225.19894409179688,0.0,300.0,81.9628677368164
357,IMG_2611.JPG,378,504,jack,23.8726806640625,268.96551513671875,162.334228515625,300.0
358,IMG_2611.JPG,378,504,ten,39.78779983520508,126.52520751953125,175.06631469726562,280.90185546875
359,IMG_2611.JPG,378,504,ten,25.464189529418945,12.73209285736084,156.763916015625,132.09547424316406
360,IMG_2612.JPG,378,504,nine,35.809017181396484,0.0,147.21485900878906,43.76657485961914
361,IMG_2612.JPG,378,504,nine,34.217506408691406,181.432373046875,167.90451049804688,300.0
362,IMG_2612.JPG,378,504,ace,39.78779983520508,53.31564712524414,160.74270629882812,141.64456176757812
363,IMG_2612.JPG,378,504,ace,233.15650939941406,109.81432342529297,300.0,196.55172729492188
364,IMG_2612.JPG,378,504,queen,148.80636596679688,198.93898010253906,272.9443054199219,300.0
365,IMG_2613.JPG,378,504,queen,240.31829833984375,152.78514099121094,300.0,267.3740234375
366,IMG_2613.JPG,378,504,queen,11.93634033203125,65.25199127197266,137.66578674316406,214.85411071777344
367,IMG_2613.JPG,378,504,jack,48.54111099243164,207.6923065185547,206.89654541015625,300.0
368,IMG_2613.JPG,378,504,ace,81.9628677368164,0.0,222.81166076660156,58.09019088745117
369,IMG_2614.JPG,378,504,ace,121.75066375732422,0.0,244.29708862304688,40.583553314208984
370,IMG_2614.JPG,378,504,queen,62.068965911865234,30.238725662231445,187.00265502929688,140.0530548095703
371,IMG_2614.JPG,378,504,queen,36.604774475097656,202.12200927734375,175.06631469726562,300.0
372,IMG_2614.JPG,378,504,king,150.3978729248047,155.17242431640625,280.90185546875,270.5570373535156
373,IMG_2614.JPG,378,504,ten,239.52255249023438,89.12466430664062,300.0,181.43235778808594
374,IMG_2615.JPG,378,504,ten,54.11140441894531,175.862060546875,190.9814453125,300.0
375,IMG_2615.JPG,378,504,king,0.795755922794342,186.2069091796875,56.49867248535156,300.0
376,IMG_2615.JPG,378,504,queen,0.795755922794342,0.0,77.1883316040039,144.03182983398438
377,IMG_2615.JPG,378,504,ace,83.55438232421875,0.0,205.30503845214844,80.3713607788086
378,IMG_2616.JPG,378,504,nine,187.7984161376953,102.65252685546875,269.7612609863281,215.6498565673828
379,IMG_2616.JPG,378,504,nine,100.2652587890625,3.7944602127026883e-07,136.0742645263672,119.36339569091797
380,IMG_2616.JPG,378,504,queen,12.732094764709473,0.0,100.2652587890625,119.36339569091797
381,IMG_2616.JPG,378,504,ten,31.034482955932617,190.98141479492188,113.79309844970703,300.0
382,IMG_2616.JPG,378,504,jack,110.61007690429688,190.1856689453125,144.03182983398438,300.0
383,IMG_2617.JPG,378,504,nine,50.13262939453125,62.068965911865234,182.22811889648438,245.0928497314453
384,IMG_2617.JPG,378,504,ace,178.2493438720703,55.702919006347656,238.72679138183594,235.54376220703125
385,IMG_2618.JPG,378,504,ten,83.55438232421875,53.31564712524414,270.5570373535156,187.00265502929688
386,IMG_2618.JPG,378,504,king,83.55438232421875,183.8196258544922,257.824951171875,247.4801025390625
387,IMG_2619.JPG,378,504,ten,211.67108154296875,37.40053176879883,274.5357971191406,236.3395233154297
388,IMG_2619.JPG,378,504,queen,74.00530242919922,38.1962890625,212.4668426513672,240.31829833984375
389,IMG_2620.JPG,378,504,ace,76.392578125,50.13262939453125,222.81166076660156,247.4801025390625
390,IMG_2620.JPG,378,504,jack,212.4668426513672,50.13262939453125,277.7188415527344,250.6631317138672
391,IMG_2621.JPG,378,504,jack,43.766578674316406,154.37664794921875,161.5384521484375,240.31829833984375
392,IMG_2621.JPG,378,504,king,183.0238800048828,197.34747314453125,270.5570373535156,300.0
393,IMG_2621.JPG,378,504,ace,171.88330078125,45.358089447021484,269.7612609863281,174.2705535888672
394,IMG_2621.JPG,378,504,queen,42.17506790161133,0.0,173.4748077392578,128.91246032714844
395,IMG_2622.JPG,378,504,ten,32.62599563598633,82.75861358642578,167.90451049804688,272.9443054199219
396,IMG_2622.JPG,378,504,king,159.9469451904297,70.8222885131836,224.40318298339844,259.41644287109375
397,IMG_2623.JPG,378,504,ace,45.35809326171875,15.915120124816895,172.67904663085938,209.2838134765625
398,IMG_2623.JPG,378,504,jack,171.0875244140625,14.3236083984375,246.68434143066406,208.48805236816406
399,IMG_2624.JPG,378,504,king,140.8488006591797,187.7984161376953,262.5994567871094,276.1273193359375
400,IMG_2624.JPG,378,504,nine,157.5596923828125,25.464189529418945,247.48011779785156,148.01060485839844
401,IMG_2624.JPG,378,504,queen,116.18036651611328,37.40053176879883,164.7214813232422,155.9681854248047
402,IMG_2626.JPG,378,504,king,23.076923370361328,25.46419334411621,157.5596923828125,190.18568420410156
403,IMG_2626.JPG,378,504,ace,127.32095336914062,59.681697845458984,206.89654541015625,202.12200927734375
404,IMG_2626.JPG,378,504,ten,196.55172729492188,40.583553314208984,286.4721374511719,202.12200927734375
405,IMG_2627.JPG,378,504,king,11.140583992004395,44.56233596801758,214.85411071777344,264.19097900390625
406,IMG_2627.JPG,378,504,queen,122.54641723632812,37.40052795410156,272.1485290527344,219.62864685058594
407,IMG_2628.JPG,378,504,queen,27.851457595825195,46.94960021972656,210.87533569335938,253.05039978027344
408,IMG_2628.JPG,378,504,king,161.5384521484375,55.702919006347656,290.450927734375,253.8461456298828
409,IMG_2629.JPG,378,504,ace,44.56233596801758,22.28116798400879,207.6923065185547,228.3819580078125
410,IMG_2629.JPG,378,504,nine,160.74270629882812,14.3236083984375,266.5782470703125,228.3819580078125
411,IMG_2630.JPG,378,504,ace,71.61803436279297,72.4137954711914,229.97348022460938,241.11404418945312
412,IMG_2630.JPG,378,504,ten,140.8488006591797,35.01326370239258,280.90185546875,178.2493438720703
413,IMG_2631.JPG,378,504,ten,164.7214813232422,66.84349822998047,239.52255249023438,228.3819580078125
414,IMG_2631.JPG,378,504,queen,54.11140441894531,85.94164276123047,177.45358276367188,241.90982055664062
415,IMG_2632.JPG,378,504,nine,89.92042541503906,40.583553314208984,195.7559814453125,186.20689392089844
416,IMG_2632.JPG,378,504,nine,189.38990783691406,37.40053176879883,255.43765258789062,187.7984161376953
417,IMG_2633.JPG,378,504,nine,140.0530548095703,70.02652740478516,212.4668426513672,241.90982055664062
418,IMG_2633.JPG,378,504,jack,20.689655303955078,57.294429779052734,159.1511993408203,243.50132751464844
419,IMG_2635.JPG,378,504,queen,20.689655303955078,34.217506408691406,148.80636596679688,205.30503845214844
420,IMG_2635.JPG,378,504,king,121.75066375732422,42.970821380615234,217.2413787841797,206.89654541015625
421,IMG_2635.JPG,378,504,ace,206.89654541015625,28.647216796875,272.9443054199219,194.16445922851562
422,IMG_2637.JPG,378,504,king,144.8275909423828,146.41909790039062,286.4721374511719,300.0
423,IMG_2637.JPG,378,504,queen,3.183023691177368,0.0,163.9257354736328,101.85676574707031
424,IMG_2637.JPG,378,504,ten,0.795755922794342,121.75066375732422,128.11671447753906,300.0
425,IMG_2638.JPG,378,504,jack,0.795755922794342,0.0,170.29177856445312,192.5729522705078
426,IMG_2638.JPG,378,504,ace,52.519893646240234,65.25199127197266,184.61538696289062,243.50132751464844
427,IMG_2638.JPG,378,504,king,87.53315734863281,116.97613525390625,279.3103332519531,300.0
428,IMG_2641.JPG,378,504,nine,71.61803436279297,52.51988983154297,219.62864685058594,263.39520263671875
429,IMG_2641.JPG,378,504,ace,207.6923065185547,38.196285247802734,283.28912353515625,243.50131225585938
430,IMG_2642.JPG,378,504,ace,198.93898010253906,194.96022033691406,292.0424499511719,300.0
431,IMG_2642.JPG,378,504,ace,0.795755922794342,0.0,44.56233596801758,42.9708251953125
432,IMG_2642.JPG,378,504,ten,57.294429779052734,217.2413787841797,145.6233367919922,300.0
433,IMG_2642.JPG,378,504,ten,138.46153259277344,51.72413635253906,268.1697692871094,194.96022033691406
434,IMG_2643.JPG,378,504,nine,105.03978729248047,126.52519226074219,220.42440795898438,268.96551513671875
435,IMG_2643.JPG,378,504,king,0.795755922794342,35.01326370239258,113.79309844970703,187.7984161376953
436,IMG_2643.JPG,378,504,jack,157.5596923828125,0.7957560420036316,300.0,144.03182983398438
437,IMG_2644.JPG,378,504,nine,21.48541259765625,150.3978729248047,148.01060485839844,300.0
438,IMG_2644.JPG,378,504,nine,75.59681701660156,0.0,194.960205078125,146.41909790039062
439,IMG_2644.JPG,378,504,ten,155.96817016601562,153.58090209960938,264.9867248535156,292.0424499511719
440,IMG_2645.JPG,378,504,king,85.941650390625,157.55967712402344,252.25465393066406,300.0
441,IMG_2645.JPG,378,504,queen,66.04774475097656,0.0,236.3395233154297,111.40583038330078
442,IMG_2648.JPG,378,504,queen,196.55172729492188,64.45623016357422,257.0291748046875,231.5649871826172
443,IMG_2648.JPG,378,504,ten,143.23606872558594,62.06896209716797,198.1432342529297,237.93104553222656
444,IMG_2648.JPG,378,504,ace,23.8726806640625,68.43501281738281,151.19363403320312,239.52255249023438
445,IMG_2649.JPG,378,504,nine,67.6392593383789,70.02652740478516,161.5384521484375,204.50929260253906
446,IMG_2649.JPG,378,504,jack,157.5596923828125,74.00530242919922,210.07957458496094,206.10079956054688
447,IMG_2649.JPG,378,504,jack,206.89654541015625,72.4137954711914,265.7825012207031,204.50929260253906
448,IMG_2650.JPG,378,504,jack,144.03182983398438,65.25199127197266,223.60743713378906,233.95225524902344
449,IMG_2650.JPG,378,504,ace,25.464189529418945,68.43502044677734,152.78515625,243.50132751464844
450,IMG_2650.JPG,378,504,queen,210.87533569335938,57.294429779052734,284.0848693847656,229.97348022460938
451,IMG_2652.JPG,378,504,jack,45.35809326171875,63.660484313964844,181.432373046875,248.27586364746094
452,IMG_2652.JPG,378,504,ten,179.0450897216797,53.31564712524414,257.824951171875,242.70556640625
453,IMG_2653.JPG,378,504,queen,62.864723205566406,54.11140060424805,209.28382873535156,248.27586364746094
454,IMG_2653.JPG,378,504,king,196.55172729492188,52.5198974609375,273.74005126953125,243.50131225585938
455,IMG_2655.JPG,378,504,king,152.78515625,38.992042541503906,219.62864685058594,202.12200927734375
456,IMG_2655.JPG,378,504,ten,44.56233596801758,46.94960403442383,156.763916015625,205.30503845214844
457,IMG_2655.JPG,378,504,ace,211.67108154296875,29.44297218322754,286.4721374511719,201.32626342773438
458,IMG_2657.JPG,378,504,king,31.830238342285156,135.2785186767578,83.55438232421875,261.0079650878906
459,IMG_2657.JPG,378,504,king,79.57559967041016,123.3421859741211,132.89125061035156,244.29708862304688
460,IMG_2657.JPG,378,504,ten,127.32095336914062,116.18038177490234,212.4668426513672,237.9310302734375
461,IMG_2658.JPG,378,504,nine,132.09548950195312,52.5198974609375,271.352783203125,222.81167602539062
462,IMG_2658.JPG,378,504,jack,38.1962890625,62.86471939086914,140.0530548095703,240.31829833984375
463,IMG_2659.JPG,378,504,king,69.23076629638672,52.519893646240234,221.22015380859375,237.9310302734375
464,IMG_2659.JPG,378,504,ace,13.527851104736328,79.57559204101562,111.40583038330078,249.07162475585938
465,IMG_2660.JPG,378,504,ace,96.2864761352539,69.23076629638672,187.7984161376953,230.76922607421875
466,IMG_2660.JPG,378,504,ten,140.0530548095703,58.88594436645508,292.83819580078125,241.90982055664062
467,IMG_2661.JPG,378,504,nine,23.8726806640625,33.4217529296875,178.2493438720703,226.7904510498047
468,IMG_2661.JPG,378,504,queen,103.44827270507812,58.88594055175781,280.1061096191406,268.1697692871094
469,IMG_2663.JPG,378,504,jack,125.72944641113281,54.11140441894531,253.05039978027344,203.71353149414062
470,IMG_2663.JPG,378,504,nine,7.957559585571289,81.9628677368164,140.8488006591797,246.68435668945312
471,IMG_2664.JPG,378,504,jack,97.08222198486328,57.294429779052734,229.17771911621094,231.5649871826172
472,IMG_2664.JPG,378,504,ace,44.56233596801758,69.23077392578125,100.2652587890625,244.29708862304688
473,IMG_2665.JPG,378,504,ten,147.21485900878906,46.949607849121094,288.8594055175781,233.156494140625
474,IMG_2665.JPG,378,504,queen,31.034482955932617,72.4137954711914,152.78515625,254.64190673828125
475,IMG_2666.JPG,378,504,queen,45.35809326171875,102.65251159667969,163.9257354736328,261.0079650878906
476,IMG_2666.JPG,378,504,ace,152.78515625,89.92042541503906,255.43765258789062,228.3819580078125
477,IMG_2667.JPG,378,504,ace,62.864723205566406,81.1671142578125,130.5039825439453,215.6498565673828
478,IMG_2667.JPG,378,504,ten,131.2997283935547,85.14588928222656,226.7904510498047,220.42440795898438
479,IMG_2668.JPG,378,504,ten,76.392578125,62.06896209716797,140.0530548095703,231.5649871826172
480,IMG_2668.JPG,378,504,jack,136.0742645263672,61.27320861816406,267.3739929199219,239.52255249023438
481,IMG_2669.JPG,378,504,jack,159.1511993408203,69.23076629638672,288.06365966796875,225.9947052001953
482,IMG_2669.JPG,378,504,jack,90.7161865234375,75.59680938720703,181.432373046875,230.76922607421875
483,IMG_2669.JPG,378,504,nine,15.915119171142578,77.1883316040039,100.2652587890625,231.56500244140625
484,IMG_2671.JPG,378,504,queen,156.763916015625,120.15914916992188,273.74005126953125,272.1485290527344
485,IMG_2671.JPG,378,504,queen,85.14588928222656,109.0185546875,193.3686981201172,251.45887756347656
486,IMG_2671.JPG,378,504,king,17.50663185119629,99.46949768066406,109.81432342529297,237.13528442382812
487,IMG_2672.JPG,378,504,nine,119.36339569091797,79.57559204101562,239.52255249023438,224.4031982421875
488,IMG_2672.JPG,378,504,ten,66.04774475097656,77.18832397460938,157.5596923828125,213.26260375976562
489,IMG_2673.JPG,378,504,nine,58.09018325805664,155.96817016601562,148.01060485839844,300.0
490,IMG_2673.JPG,378,504,king,112.99734497070312,167.90451049804688,238.72679138183594,300.0
491,IMG_2673.JPG,378,504,king,142.44032287597656,0.0,233.15650939941406,93.10343933105469
492,IMG_2673.JPG,378,504,queen,67.6392593383789,0.0,201.32626342773438,128.11671447753906
493,IMG_2674.JPG,378,504,ace,136.0742645263672,91.51193237304688,245.09283447265625,248.27586364746094
494,IMG_2674.JPG,378,504,ten,25.464189529418945,53.315650939941406,139.25729370117188,235.54376220703125
495,IMG_2679.JPG,378,504,jack,95.49072265625,42.970821380615234,260.2121887207031,258.6206970214844
496,IMG_2679.JPG,378,504,queen,42.17506790161133,54.11140441894531,125.72944641113281,254.6419219970703
497,IMG_2680.JPG,378,504,nine,139.25729370117188,94.69495391845703,261.8037109375,264.19097900390625
498,IMG_2680.JPG,378,504,nine,65.25199127197266,85.94164276123047,148.80636596679688,253.05038452148438
499,IMG_2681.JPG,378,504,nine,23.076923370361328,108.22280883789062,85.941650390625,264.9867248535156
500,IMG_2681.JPG,378,504,ten,78.77984619140625,97.87798309326172,189.38990783691406,237.9310302734375
501,IMG_2682.JPG,378,504,ace,97.08222198486328,34.217506408691406,278.51458740234375,268.1697692871094
502,IMG_2682.JPG,378,504,ace,26.259946823120117,33.4217529296875,138.46153259277344,249.07162475585938
503,IMG_2683.JPG,378,504,jack,111.40583038330078,45.358089447021484,268.1697692871094,258.6206970214844
504,IMG_2683.JPG,378,504,king,45.35809326171875,42.17506790161133,120.95490264892578,248.27584838867188
505,IMG_2684.JPG,378,504,king,43.766578674316406,77.1883316040039,110.61007690429688,241.90982055664062
506,IMG_2684.JPG,378,504,ace,84.35013580322266,82.75861358642578,228.38197326660156,272.9443054199219
507,IMG_2685.JPG,378,504,ten,104.24402618408203,40.583553314208984,272.9443054199219,248.27584838867188
508,IMG_2685.JPG,378,504,king,41.379310607910156,81.9628677368164,136.87002563476562,260.2121887207031
509,IMG_2687.JPG,378,504,ace,91.5119400024414,77.1883316040039,220.42440795898438,249.86737060546875
510,IMG_2687.JPG,378,504,ten,42.9708251953125,84.35013580322266,103.44827270507812,261.0079650878906
511,IMG_2689.JPG,378,504,ace,74.80106353759766,53.31564712524414,217.2413787841797,248.27584838867188
512,IMG_2690.JPG,378,504,king,85.941650390625,46.94960021972656,237.93104553222656,254.6419219970703
513,IMG_2691.JPG,378,504,nine,77.1883316040039,39.78779602050781,237.93104553222656,261.0079650878906
514,IMG_2692.JPG,378,504,king,70.02652740478516,34.21750259399414,238.72679138183594,267.3740234375
515,IMG_2693.JPG,378,504,jack,74.00530242919922,32.62599563598633,245.8885955810547,268.96551513671875
516,IMG_2694.JPG,378,504,jack,70.82228088378906,31.830236434936523,241.1140594482422,268.96551513671875
517,IMG_2695.JPG,378,504,king,58.09018325805664,24.66843605041504,241.90980529785156,276.1273193359375
518,IMG_2696.JPG,378,504,nine,54.907161712646484,13.527852058410645,254.64190673828125,288.06365966796875
519,IMG_2697.JPG,378,504,king,45.35809326171875,18.302385330200195,236.3395233154297,283.28912353515625
520,IMG_2698.JPG,378,504,nine,63.66047668457031,28.647214889526367,240.31829833984375,272.94427490234375
521,IMG_2699.JPG,378,504,ace,74.00530242919922,25.464191436767578,253.05039978027344,276.1273193359375
522,IMG_2700.JPG,378,504,ace,58.88594055175781,23.076921463012695,241.1140594482422,277.7188415527344
523,IMG_2701.JPG,378,504,jack,50.92837905883789,11.140584945678711,249.07162475585938,290.450927734375
524,IMG_2702.JPG,378,504,nine,67.6392593383789,36.60477828979492,230.76922607421875,264.19097900390625
525,IMG_2703.JPG,378,504,ace,65.25199127197266,42.9708251953125,220.42440795898438,257.824951171875
526,IMG_2704.JPG,378,504,jack,55.70291519165039,24.66843605041504,239.52255249023438,276.1273193359375
